_id,Year,Province,Grade,Male,Female
1,2010.0,Punjab,1,8580,488
2,2010.0,Punjab,2,5321,465
3,2010.0,Punjab,3,1816,155
4,2010.0,Punjab,4,1739,735
5,2010.0,Punjab,5,3333,53
6,2010.0,Punjab,6,2861,62
7,2010.0,Punjab,7,3207,106
8,2010.0,Punjab,8,722,14
9,2010.0,Punjab,9,2343,590
10,2010.0,Punjab,10,163,6
11,2010.0,Punjab,11,2398,50
12,2010.0,Punjab,12,901,84
13,2010.0,Punjab,13,176,1
14,2010.0,Punjab,14,1208,82
15,2010.0,Punjab,15,640,11
16,2010.0,Punjab,16,1321,2241
17,2010.0,Punjab,17,4124,1057
18,2010.0,Punjab,18,1936,423
19,2010.0,Punjab,19,1005,195
20,2010.0,Punjab,20,309,45
21,2010.0,Punjab,21,173,6
22,2010.0,Punjab,22,2,0
23,2010.0,Sindh,1,8,0
24,2010.0,Sindh,2,227,62
25,2010.0,Sindh,3,3,0
26,2010.0,Sindh,5,52,0
27,2010.0,Sindh,6,5,0
28,2010.0,Sindh,7,13,0
29,2010.0,Sindh,8,2,0
30,2010.0,Sindh,9,2,0
31,2010.0,Sindh,10,1,0
32,2010.0,Sindh,11,7,0
33,2010.0,Sindh,14,1,0
34,2010.0,Sindh,15,1,0
35,2010.0,Sindh,16,3,0
36,2010.0,Sindh,17,2,0
37,2010.0,KPK,1,18637,759
38,2010.0,KPK,2,39269,2111
39,2010.0,KPK,3,4831,811
40,2010.0,KPK,4,1355,78
41,2010.0,KPK,5,42770,747
42,2010.0,KPK,6,1445,79
43,2010.0,KPK,7,15641,960
44,2010.0,KPK,8,147,255
45,2010.0,KPK,9,13717,2352
46,2010.0,KPK,10,291,94
47,2010.0,KPK,11,1436,209
48,2010.0,KPK,12,24060,15167
49,2010.0,KPK,13,85,1
50,2010.0,KPK,14,14470,1690
51,2010.0,KPK,15,21137,6937
52,2010.0,KPK,16,12369,5128
53,2010.0,KPK,17,7774,2062
54,2010.0,KPK,18,2300,330
55,2010.0,KPK,19,1087,108
56,2010.0,KPK,20,306,59
57,2010.0,KPK,21,71,4
58,2010.0,KPK,22,1,0
59,2010.0,Balochistan,1,5520,266
60,2010.0,Balochistan,2,1812,10
61,2010.0,Balochistan,3,319,0
62,2010.0,Balochistan,4,867,0
63,2010.0,Balochistan,5,1413,365
64,2010.0,Balochistan,6,1785,6
65,2010.0,Balochistan,7,1603,10
66,2010.0,Balochistan,8,439,258
67,2010.0,Balochistan,9,912,3
68,2010.0,Balochistan,10,2,2
69,2010.0,Balochistan,11,661,275
70,2010.0,Balochistan,12,393,12
71,2010.0,Balochistan,13,24,0
72,2010.0,Balochistan,14,732,4
73,2010.0,Balochistan,15,135,0
74,2010.0,Balochistan,16,540,73
75,2010.0,Balochistan,17,1360,79
76,2010.0,Balochistan,18,206,15
77,2010.0,Balochistan,19,85,2
78,2010.0,Balochistan,20,29,0
79,2010.0,Balochistan,21,2,0
80,2010.0,Gilgit-Baltistan,1,184,0
81,2010.0,Gilgit-Baltistan,2,451,0
82,2010.0,Gilgit-Baltistan,3,21,0
83,2010.0,Gilgit-Baltistan,4,45,0
84,2010.0,Gilgit-Baltistan,5,3872,42
85,2010.0,Gilgit-Baltistan,6,115,3
86,2010.0,Gilgit-Baltistan,7,715,14
87,2010.0,Gilgit-Baltistan,8,4,0
88,2010.0,Gilgit-Baltistan,9,258,15
89,2010.0,Gilgit-Baltistan,10,3,0
90,2010.0,Gilgit-Baltistan,11,36,0
91,2010.0,Gilgit-Baltistan,12,52,0
92,2010.0,Gilgit-Baltistan,14,228,4
93,2010.0,Gilgit-Baltistan,15,28,0
94,2010.0,Gilgit-Baltistan,16,112,1
95,2010.0,Gilgit-Baltistan,17,143,4
96,2010.0,Gilgit-Baltistan,18,52,0
97,2010.0,Gilgit-Baltistan,19,11,0
98,2010.0,Gilgit-Baltistan,20,3,0
99,2010.0,Gilgit-Baltistan,21,1,0
100,2011.0,Punjab,1,8680,509
101,2011.0,Punjab,2,5429,502
102,2011.0,Punjab,3,1797,149
103,2011.0,Punjab,4,2047,682
104,2011.0,Punjab,5,3298,58
105,2011.0,Punjab,6,2612,51
106,2011.0,Punjab,7,3193,115
107,2011.0,Punjab,8,815,20
108,2011.0,Punjab,9,2502,585
109,2011.0,Punjab,10,137,8
110,2011.0,Punjab,11,2085,54
111,2011.0,Punjab,12,1297,120
112,2011.0,Punjab,13,240,2
113,2011.0,Punjab,14,1113,213
114,2011.0,Punjab,15,704,70
115,2011.0,Punjab,16,1327,1996
116,2011.0,Punjab,17,3872,1074
117,2011.0,Punjab,18,2059,472
118,2011.0,Punjab,19,1303,168
119,2011.0,Punjab,20,286,47
120,2011.0,Punjab,21,221,4
121,2011.0,Punjab,22,2,0
122,2011.0,Sindh,1,12,0
123,2011.0,Sindh,2,470,74
124,2011.0,Sindh,3,3,0
125,2011.0,Sindh,5,78,0
126,2011.0,Sindh,6,6,0
127,2011.0,Sindh,7,25,0
128,2011.0,Sindh,8,1,0
129,2011.0,Sindh,9,2,0
130,2011.0,Sindh,10,2,0
131,2011.0,Sindh,11,8,0
132,2011.0,Sindh,12,1,0
133,2011.0,Sindh,14,3,0
134,2011.0,Sindh,15,1,0
135,2011.0,Sindh,16,3,0
136,2011.0,Sindh,17,1,0
137,2011.0,KPK,1,22598,936
138,2011.0,KPK,2,39712,2196
139,2011.0,KPK,3,4847,813
140,2011.0,KPK,4,1643,78
141,2011.0,KPK,5,48163,769
142,2011.0,KPK,6,1480,80
143,2011.0,KPK,7,16014,1013
144,2011.0,KPK,8,157,256
145,2011.0,KPK,9,14244,2504
146,2011.0,KPK,10,293,94
147,2011.0,KPK,11,1476,213
148,2011.0,KPK,12,25150,15791
149,2011.0,KPK,13,87,1
150,2011.0,KPK,14,14603,1705
151,2011.0,KPK,15,21382,7097
152,2011.0,KPK,16,12480,5316
153,2011.0,KPK,17,7998,2118
154,2011.0,KPK,18,2312,335
155,2011.0,KPK,19,1087,108
156,2011.0,KPK,20,307,59
157,2011.0,KPK,21,72,4
158,2011.0,KPK,22,2,0
159,2011.0,Balochistan,1,5872,270
160,2011.0,Balochistan,2,1879,10
161,2011.0,Balochistan,3,303,0
162,2011.0,Balochistan,4,908,0
163,2011.0,Balochistan,5,1564,365
164,2011.0,Balochistan,6,1816,2
165,2011.0,Balochistan,7,1650,9
166,2011.0,Balochistan,8,489,266
167,2011.0,Balochistan,9,1067,5
168,2011.0,Balochistan,10,5,0
169,2011.0,Balochistan,11,704,275
170,2011.0,Balochistan,12,414,12
171,2011.0,Balochistan,13,24,0
172,2011.0,Balochistan,14,762,6
173,2011.0,Balochistan,15,141,1
174,2011.0,Balochistan,16,558,71
175,2011.0,Balochistan,17,1363,79
176,2011.0,Balochistan,18,211,15
177,2011.0,Balochistan,19,81,2
178,2011.0,Balochistan,20,29,0
179,2011.0,Balochistan,21,3,0
180,2011.0,Gilgit-Baltistan,1,199,1
181,2011.0,Gilgit-Baltistan,2,479,0
182,2011.0,Gilgit-Baltistan,3,23,0
183,2011.0,Gilgit-Baltistan,4,51,0
184,2011.0,Gilgit-Baltistan,5,4445,132
185,2011.0,Gilgit-Baltistan,6,120,3
186,2011.0,Gilgit-Baltistan,7,768,14
187,2011.0,Gilgit-Baltistan,8,2,0
188,2011.0,Gilgit-Baltistan,9,297,19
189,2011.0,Gilgit-Baltistan,10,3,0
190,2011.0,Gilgit-Baltistan,11,39,0
191,2011.0,Gilgit-Baltistan,12,54,0
192,2011.0,Gilgit-Baltistan,14,244,4
193,2011.0,Gilgit-Baltistan,15,30,0
194,2011.0,Gilgit-Baltistan,16,125,1
195,2011.0,Gilgit-Baltistan,17,165,4
196,2011.0,Gilgit-Baltistan,18,49,1
197,2011.0,Gilgit-Baltistan,19,17,0
198,2011.0,Gilgit-Baltistan,20,4,0
199,2011.0,Gilgit-Baltistan,21,1,0
200,2012.0,Punjab,1,8990,511
201,2012.0,Punjab,2,5505,469
202,2012.0,Punjab,3,1741,148
203,2012.0,Punjab,4,1902,803
204,2012.0,Punjab,5,3327,56
205,2012.0,Punjab,6,2349,50
206,2012.0,Punjab,7,3017,116
207,2012.0,Punjab,8,858,15
208,2012.0,Punjab,9,2857,595
209,2012.0,Punjab,10,187,5
210,2012.0,Punjab,11,2374,68
211,2012.0,Punjab,12,955,115
212,2012.0,Punjab,13,188,4
213,2012.0,Punjab,14,1379,90
214,2012.0,Punjab,15,613,15
215,2012.0,Punjab,16,1355,2474
216,2012.0,Punjab,17,4405,1322
217,2012.0,Punjab,18,2096,485
218,2012.0,Punjab,19,1053,223
219,2012.0,Punjab,20,290,48
220,2012.0,Punjab,21,214,2
221,2012.0,Punjab,22,4,0
222,2012.0,Sindh,1,117,1
223,2012.0,Sindh,2,589,77
224,2012.0,Sindh,3,3,0
225,2012.0,Sindh,4,3,0
226,2012.0,Sindh,5,72,0
227,2012.0,Sindh,6,8,0
228,2012.0,Sindh,7,34,0
229,2012.0,Sindh,8,5,0
230,2012.0,Sindh,9,3,0
231,2012.0,Sindh,10,3,0
232,2012.0,Sindh,11,13,0
233,2012.0,Sindh,12,1,0
234,2012.0,Sindh,14,11,0
235,2012.0,Sindh,15,1,0
236,2012.0,Sindh,16,4,0
237,2012.0,Sindh,17,1,0
238,2012.0,KPK,1,26622,1122
239,2012.0,KPK,2,40091,2269
240,2012.0,KPK,3,4870,813
241,2012.0,KPK,4,1959,81
242,2012.0,KPK,5,50438,826
243,2012.0,KPK,6,1525,80
244,2012.0,KPK,7,16590,1063
245,2012.0,KPK,8,176,264
246,2012.0,KPK,9,14696,2662
247,2012.0,KPK,10,312,94
248,2012.0,KPK,11,1603,216
249,2012.0,KPK,12,26993,16332
250,2012.0,KPK,13,87,1
251,2012.0,KPK,14,14689,1711
252,2012.0,KPK,15,21873,7325
253,2012.0,KPK,16,12957,5560
254,2012.0,KPK,17,8211,2153
255,2012.0,KPK,18,2318,337
256,2012.0,KPK,19,1087,108
257,2012.0,KPK,20,307,59
258,2012.0,KPK,21,73,4
259,2012.0,KPK,22,2,0
260,2012.0,Balochistan,1,6505,295
261,2012.0,Balochistan,2,1975,6
262,2012.0,Balochistan,3,306,0
263,2012.0,Balochistan,4,1003,0
264,2012.0,Balochistan,5,1753,364
265,2012.0,Balochistan,6,1863,6
266,2012.0,Balochistan,7,1721,14
267,2012.0,Balochistan,8,595,308
268,2012.0,Balochistan,9,1107,6
269,2012.0,Balochistan,10,7,0
270,2012.0,Balochistan,11,928,278
271,2012.0,Balochistan,12,528,15
272,2012.0,Balochistan,13,24,0
273,2012.0,Balochistan,14,906,60
274,2012.0,Balochistan,15,215,4
275,2012.0,Balochistan,16,531,71
276,2012.0,Balochistan,17,1411,82
277,2012.0,Balochistan,18,282,15
278,2012.0,Balochistan,19,84,3
279,2012.0,Balochistan,20,28,0
280,2012.0,Balochistan,21,5,0
281,2012.0,Gilgit-Baltistan,1,262,1
282,2012.0,Gilgit-Baltistan,2,390,0
283,2012.0,Gilgit-Baltistan,3,23,0
284,2012.0,Gilgit-Baltistan,4,57,0
285,2012.0,Gilgit-Baltistan,5,4427,132
286,2012.0,Gilgit-Baltistan,6,97,3
287,2012.0,Gilgit-Baltistan,7,804,14
288,2012.0,Gilgit-Baltistan,8,24,0
289,2012.0,Gilgit-Baltistan,9,283,19
290,2012.0,Gilgit-Baltistan,10,15,0
291,2012.0,Gilgit-Baltistan,11,35,0
292,2012.0,Gilgit-Baltistan,12,46,0
293,2012.0,Gilgit-Baltistan,13,5,0
294,2012.0,Gilgit-Baltistan,14,241,6
295,2012.0,Gilgit-Baltistan,15,33,0
296,2012.0,Gilgit-Baltistan,16,130,1
297,2012.0,Gilgit-Baltistan,17,171,1
298,2012.0,Gilgit-Baltistan,18,52,1
299,2012.0,Gilgit-Baltistan,19,17,0
300,2012.0,Gilgit-Baltistan,20,4,0
301,2012.0,Gilgit-Baltistan,21,1,0
302,2013.0,Punjab,1,9091,431
303,2013.0,Punjab,2,5377,429
304,2013.0,Punjab,3,1751,175
305,2013.0,Punjab,4,1840,788
306,2013.0,Punjab,5,2980,55
307,2013.0,Punjab,6,2066,45
308,2013.0,Punjab,7,3119,114
309,2013.0,Punjab,8,915,14
310,2013.0,Punjab,9,3242,605
311,2013.0,Punjab,10,197,6
312,2013.0,Punjab,11,2394,57
313,2013.0,Punjab,12,865,121
314,2013.0,Punjab,13,182,2
315,2013.0,Punjab,14,1378,54
316,2013.0,Punjab,15,530,13
317,2013.0,Punjab,16,1467,2302
318,2013.0,Punjab,17,4275,1369
319,2013.0,Punjab,18,2086,508
320,2013.0,Punjab,19,1069,213
321,2013.0,Punjab,20,299,56
322,2013.0,Punjab,21,205,4
323,2013.0,Punjab,22,5,0
324,2013.0,Sindh,1,131,1
325,2013.0,Sindh,2,587,77
326,2013.0,Sindh,3,2,0
327,2013.0,Sindh,4,5,0
328,2013.0,Sindh,5,65,0
329,2013.0,Sindh,6,8,0
330,2013.0,Sindh,7,52,0
331,2013.0,Sindh,8,5,0
332,2013.0,Sindh,9,4,0
333,2013.0,Sindh,10,3,0
334,2013.0,Sindh,11,15,0
335,2013.0,Sindh,12,1,0
336,2013.0,Sindh,14,13,0
337,2013.0,Sindh,15,1,0
338,2013.0,Sindh,16,4,0
339,2013.0,Sindh,17,3,0
340,2013.0,KPK,1,30172,1270
341,2013.0,KPK,2,40500,2315
342,2013.0,KPK,3,4907,813
343,2013.0,KPK,4,2177,85
344,2013.0,KPK,5,52195,880
345,2013.0,KPK,6,1564,81
346,2013.0,KPK,7,17094,1090
347,2013.0,KPK,8,181,264
348,2013.0,KPK,9,15133,2677
349,2013.0,KPK,10,333,95
350,2013.0,KPK,11,1656,220
351,2013.0,KPK,12,27463,16461
352,2013.0,KPK,13,87,1
353,2013.0,KPK,14,14851,1726
354,2013.0,KPK,15,22200,7477
355,2013.0,KPK,16,13071,5683
356,2013.0,KPK,17,8362,2206
357,2013.0,KPK,18,2319,338
358,2013.0,KPK,19,1088,108
359,2013.0,KPK,20,307,59
360,2013.0,KPK,21,74,4
361,2013.0,KPK,22,2,0
362,2013.0,Balochistan,1,6618,284
363,2013.0,Balochistan,2,2032,105
364,2013.0,Balochistan,3,309,0
365,2013.0,Balochistan,4,973,2
366,2013.0,Balochistan,5,1793,422
367,2013.0,Balochistan,6,1916,5
368,2013.0,Balochistan,7,1743,36
369,2013.0,Balochistan,8,593,317
370,2013.0,Balochistan,9,1206,10
371,2013.0,Balochistan,10,7,0
372,2013.0,Balochistan,11,980,297
373,2013.0,Balochistan,12,484,21
374,2013.0,Balochistan,13,25,0
375,2013.0,Balochistan,14,954,86
376,2013.0,Balochistan,15,199,4
377,2013.0,Balochistan,16,570,146
378,2013.0,Balochistan,17,1535,94
379,2013.0,Balochistan,18,301,36
380,2013.0,Balochistan,19,84,9
381,2013.0,Balochistan,20,30,4
382,2013.0,Balochistan,21,3,0
383,2013.0,Gilgit-Baltistan,1,285,1
384,2013.0,Gilgit-Baltistan,2,371,0
385,2013.0,Gilgit-Baltistan,3,20,0
386,2013.0,Gilgit-Baltistan,4,62,0
387,2013.0,Gilgit-Baltistan,5,4428,132
388,2013.0,Gilgit-Baltistan,6,98,3
389,2013.0,Gilgit-Baltistan,7,811,14
390,2013.0,Gilgit-Baltistan,8,1,0
391,2013.0,Gilgit-Baltistan,9,304,19
392,2013.0,Gilgit-Baltistan,10,3,0
393,2013.0,Gilgit-Baltistan,11,45,0
394,2013.0,Gilgit-Baltistan,12,53,0
395,2013.0,Gilgit-Baltistan,14,244,6
396,2013.0,Gilgit-Baltistan,15,29,0
397,2013.0,Gilgit-Baltistan,16,116,1
398,2013.0,Gilgit-Baltistan,17,157,6
399,2013.0,Gilgit-Baltistan,18,51,1
400,2013.0,Gilgit-Baltistan,19,16,0
401,2013.0,Gilgit-Baltistan,20,4,0
402,2013.0,Gilgit-Baltistan,21,1,0
403,2014.0,Punjab,22,1,0
404,2014.0,Punjab,21,5,0
405,2014.0,Punjab,20,39,3
406,2014.0,Punjab,19,410,47
407,2014.0,Punjab,18,1537,189
408,2014.0,Punjab,17,4126,1670
409,2014.0,Punjab,16,2626,813
410,2014.0,Punjab,15,238,10
411,2014.0,Punjab,14,3069,215
412,2014.0,Punjab,13,49,10
413,2014.0,Punjab,12,431,64
414,2014.0,Punjab,11,3712,1085
415,2014.0,Punjab,10,107,139
416,2014.0,Punjab,9,6257,1158
417,2014.0,Punjab,8,456,215
418,2014.0,Punjab,7,2725,101
419,2014.0,Punjab,6,1064,239
420,2014.0,Punjab,5,3908,1950
421,2014.0,Punjab,4,2157,69
422,2014.0,Punjab,3,599,58
423,2014.0,Punjab,2,4181,196
424,2014.0,Punjab,1,19418,2324
425,2014.0,Sindh,21,1,0
426,2014.0,Sindh,20,9,0
427,2014.0,Sindh,19,71,39
428,2014.0,Sindh,18,208,97
429,2014.0,Sindh,17,426,131
430,2014.0,Sindh,16,239,90
431,2014.0,Sindh,15,12,0
432,2014.0,Sindh,14,524,119
433,2014.0,Sindh,13,6,0
434,2014.0,Sindh,12,74,0
435,2014.0,Sindh,11,382,458
436,2014.0,Sindh,10,4,0
437,2014.0,Sindh,9,248,1
438,2014.0,Sindh,8,13,673
439,2014.0,Sindh,7,686,106
440,2014.0,Sindh,6,41,0
441,2014.0,Sindh,5,1555,1037
442,2014.0,Sindh,4,172,0
443,2014.0,Sindh,3,24,0
444,2014.0,Sindh,2,1995,1200
445,2014.0,Sindh,1,1890,2
446,2014.0,KPK,21,14,1
447,2014.0,KPK,20,69,1
448,2014.0,KPK,19,77,2
449,2014.0,KPK,18,157,7
450,2014.0,KPK,17,678,34
451,2014.0,KPK,16,553,15
452,2014.0,KPK,14,328,5
453,2014.0,KPK,11,267,7
454,2014.0,Balochistan,22,1,
455,2014.0,Balochistan,21,9,
456,2014.0,Balochistan,20,43,
457,2014.0,Balochistan,19,141,1
458,2014.0,Balochistan,18,464,40
459,2014.0,Balochistan,17,1463,40
460,2014.0,Balochistan,16,953,23
461,2014.0,Balochistan,15,164,1
462,2014.0,Balochistan,14,1050,30
463,2014.0,Balochistan,13,32,
464,2014.0,Balochistan,12,211,10
465,2014.0,Balochistan,11,1681,62
466,2014.0,Balochistan,10,8,1
467,2014.0,Balochistan,9,514,26
468,2014.0,Balochistan,8,443,11
469,2014.0,Balochistan,7,345,2
470,2014.0,Balochistan,6,2292,15
471,2014.0,Balochistan,5,1983,3
472,2014.0,Balochistan,4,890,5
473,2014.0,Balochistan,3,228,
474,2014.0,Balochistan,2,2707,24
475,2014.0,Balochistan,1,6697,101
476,2014.0,Gilgit-Baltistan,20,1,
477,2014.0,Gilgit-Baltistan,19,10,
478,2014.0,Gilgit-Baltistan,18,29,1
479,2014.0,Gilgit-Baltistan,17,56,5
480,2014.0,Gilgit-Baltistan,16,96,6
481,2014.0,Gilgit-Baltistan,15,32,
482,2014.0,Gilgit-Baltistan,14,8,
483,2014.0,Gilgit-Baltistan,13,47,10
484,2014.0,Gilgit-Baltistan,11,27,
485,2014.0,Gilgit-Baltistan,10,34,
486,2014.0,Gilgit-Baltistan,8,45,
487,2014.0,Gilgit-Baltistan,7,1,10
488,2014.0,Gilgit-Baltistan,6,148,
489,2014.0,Gilgit-Baltistan,5,1,
490,2014.0,Gilgit-Baltistan,4,86,3
491,2014.0,Gilgit-Baltistan,3,26,
492,2014.0,Gilgit-Baltistan,2,3,
493,2014.0,Gilgit-Baltistan,1,105,
494,2015.0,Punjab,22,1,0
495,2015.0,Punjab,21,5,0
496,2015.0,Punjab,20,37,5
497,2015.0,Punjab,19,441,48
498,2015.0,Punjab,18,1503,185
499,2015.0,Punjab,17,4473,1798
500,2015.0,Punjab,16,2615,957
501,2015.0,Punjab,15,202,8
502,2015.0,Punjab,14,3180,246
503,2015.0,Punjab,13,49,6
504,2015.0,Punjab,12,444,67
505,2015.0,Punjab,11,3506,1118
506,2015.0,Punjab,10,106,112
507,2015.0,Punjab,9,6448,1181
508,2015.0,Punjab,8,238,192
509,2015.0,Punjab,7,2660,147
510,2015.0,Punjab,6,1022,216
511,2015.0,Punjab,5,3861,1952
512,2015.0,Punjab,4,2236,80
513,2015.0,Punjab,3,626,59
514,2015.0,Punjab,2,4116,194
515,2015.0,Punjab,1,19440,1233
516,2015.0,Sindh,21,1,0
517,2015.0,Sindh,20,10,
518,2015.0,Sindh,19,71,39
519,2015.0,Sindh,18,208,96
520,2015.0,Sindh,17,431,131
521,2015.0,Sindh,16,233,90
522,2015.0,Sindh,15,12,1
523,2015.0,Sindh,14,480,119
524,2015.0,Sindh,13,6,0
525,2015.0,Sindh,12,80,1
526,2015.0,Sindh,11,403,458
527,2015.0,Sindh,10,3,0
528,2015.0,Sindh,9,347,1
529,2015.0,Sindh,8,2,673
530,2015.0,Sindh,7,703,108
531,2015.0,Sindh,6,41,0
532,2015.0,Sindh,5,1582,1037
533,2015.0,Sindh,4,181,0
534,2015.0,Sindh,3,13,0
535,2015.0,Sindh,2,1972,1199
536,2015.0,Sindh,1,1910,1
537,2015.0,KPK,21,13,1
538,2015.0,KPK,20,56,1
539,2015.0,KPK,19,108,7
540,2015.0,KPK,18,161,8
541,2015.0,KPK,17,661,34
542,2015.0,KPK,16,566,18
543,2015.0,KPK,14,335,6
544,2015.0,KPK,11,281,7
545,2015.0,Balochistan,22,1,
546,2015.0,Balochistan,21,9,
547,2015.0,Balochistan,20,44,
548,2015.0,Balochistan,19,146,2
549,2015.0,Balochistan,18,468,7
550,2015.0,Balochistan,17,1486,37
551,2015.0,Balochistan,16,1032,25
552,2015.0,Balochistan,15,252,
553,2015.0,Balochistan,14,1065,31
554,2015.0,Balochistan,13,32,
555,2015.0,Balochistan,12,262,13
556,2015.0,Balochistan,11,1824,67
557,2015.0,Balochistan,10,8,2
558,2015.0,Balochistan,9,625,29
559,2015.0,Balochistan,8,443,11
560,2015.0,Balochistan,7,360,5
561,2015.0,Balochistan,6,2306,14
562,2015.0,Balochistan,5,2115,11
563,2015.0,Balochistan,4,901,4
564,2015.0,Balochistan,3,273,3
565,2015.0,Balochistan,2,3040,26
566,2015.0,Balochistan,1,6843,97
567,2015.0,Gilgit-Baltistan,20,1,
568,2015.0,Gilgit-Baltistan,19,10,
569,2015.0,Gilgit-Baltistan,18,29,2
570,2015.0,Gilgit-Baltistan,17,56,4
571,2015.0,Gilgit-Baltistan,16,96,6
572,2015.0,Gilgit-Baltistan,15,31,
573,2015.0,Gilgit-Baltistan,14,8,
574,2015.0,Gilgit-Baltistan,13,47,10
575,2015.0,Gilgit-Baltistan,11,27,
576,2015.0,Gilgit-Baltistan,10,34,
577,2015.0,Gilgit-Baltistan,8,43,
578,2015.0,Gilgit-Baltistan,7,1,10
579,2015.0,Gilgit-Baltistan,6,147,
580,2015.0,Gilgit-Baltistan,5,1,
581,2015.0,Gilgit-Baltistan,4,86,3
582,2015.0,Gilgit-Baltistan,3,26,
583,2015.0,Gilgit-Baltistan,2,3,
584,2015.0,Gilgit-Baltistan,1,105,
585,2016.0,Punjab,22,1,0
586,2016.0,Punjab,21,5,0
587,2016.0,Punjab,20,40,5
588,2016.0,Punjab,19,437,55
589,2016.0,Punjab,18,1518,197
590,2016.0,Punjab,17,4846,2096
591,2016.0,Punjab,16,3272,1144
592,2016.0,Punjab,15,542,61
593,2016.0,Punjab,14,3727,271
594,2016.0,Punjab,13,36,6
595,2016.0,Punjab,12,355,53
596,2016.0,Punjab,11,5388,1208
597,2016.0,Punjab,10,79,104
598,2016.0,Punjab,9,6149,1191
599,2016.0,Punjab,8,228,182
600,2016.0,Punjab,7,937,44
601,2016.0,Punjab,6,1009,210
602,2016.0,Punjab,5,3869,1953
603,2016.0,Punjab,4,2351,71
604,2016.0,Punjab,3,677,56
605,2016.0,Punjab,2,4116,175
606,2016.0,Punjab,1,20351,2425
607,2016.0,Sindh,21,2,
608,2016.0,Sindh,20,9,0
609,2016.0,Sindh,19,62,39
610,2016.0,Sindh,18,208,95
611,2016.0,Sindh,17,438,132
612,2016.0,Sindh,16,346,93
613,2016.0,Sindh,15,13,0
614,2016.0,Sindh,14,408,116
615,2016.0,Sindh,13,6,0
616,2016.0,Sindh,12,86,1
617,2016.0,Sindh,11,493,461
618,2016.0,Sindh,10,4,0
619,2016.0,Sindh,9,519,2
620,2016.0,Sindh,8,2,673
621,2016.0,Sindh,7,251,100
622,2016.0,Sindh,6,20,0
623,2016.0,Sindh,5,1366,1037
624,2016.0,Sindh,4,195,0
625,2016.0,Sindh,3,12,0
626,2016.0,Sindh,2,1956,1199
627,2016.0,Sindh,1,1907,1
628,2016.0,KPK,21,10,0
629,2016.0,KPK,20,58,1
630,2016.0,KPK,19,101,7
631,2016.0,KPK,18,120,11
632,2016.0,KPK,17,678,43
633,2016.0,KPK,16,603,23
634,2016.0,KPK,14,341,6
635,2016.0,KPK,11,254,6
636,2016.0,Balochistan,22,1,
637,2016.0,Balochistan,21,10,
638,2016.0,Balochistan,20,45,
639,2016.0,Balochistan,19,153,6
640,2016.0,Balochistan,18,487,9
641,2016.0,Balochistan,17,1631,50
642,2016.0,Balochistan,16,1115,27
643,2016.0,Balochistan,15,236,
644,2016.0,Balochistan,14,826,30
645,2016.0,Balochistan,13,32,
646,2016.0,Balochistan,12,250,11
647,2016.0,Balochistan,11,1860,67
648,2016.0,Balochistan,10,21,2
649,2016.0,Balochistan,9,465,25
650,2016.0,Balochistan,8,427,8
651,2016.0,Balochistan,7,271,
652,2016.0,Balochistan,6,2336,14
653,2016.0,Balochistan,5,2152,13
654,2016.0,Balochistan,4,920,4
655,2016.0,Balochistan,3,293,3
656,2016.0,Balochistan,2,3247,25
657,2016.0,Balochistan,1,6947,98
658,2016.0,Gilgit-Baltistan,20,1,
659,2016.0,Gilgit-Baltistan,19,12,
660,2016.0,Gilgit-Baltistan,18,33,2
661,2016.0,Gilgit-Baltistan,17,54,4
662,2016.0,Gilgit-Baltistan,16,100,6
663,2016.0,Gilgit-Baltistan,15,44,
664,2016.0,Gilgit-Baltistan,14,7,
665,2016.0,Gilgit-Baltistan,13,69,10
666,2016.0,Gilgit-Baltistan,11,45,
667,2016.0,Gilgit-Baltistan,10,51,1
668,2016.0,Gilgit-Baltistan,8,52,2
669,2016.0,Gilgit-Baltistan,7,1,10
670,2016.0,Gilgit-Baltistan,6,128,
671,2016.0,Gilgit-Baltistan,5,1,
672,2016.0,Gilgit-Baltistan,4,103,3
673,2016.0,Gilgit-Baltistan,3,31,
674,2016.0,Gilgit-Baltistan,2,5,
675,2016.0,Gilgit-Baltistan,1,95,
676,2017.0,Punjab,22,1,0
677,2017.0,Punjab,21,6,0
678,2017.0,Punjab,20,48,4
679,2017.0,Punjab,19,441,65
680,2017.0,Punjab,18,1493,198
681,2017.0,Punjab,17,5037,2162
682,2017.0,Punjab,16,3143,1139
683,2017.0,Punjab,15,432,38
684,2017.0,Punjab,14,3747,287
685,2017.0,Punjab,13,40,13
686,2017.0,Punjab,12,314,74
687,2017.0,Punjab,11,5154,1002
688,2017.0,Punjab,10,73,120
689,2017.0,Punjab,9,7007,1086
690,2017.0,Punjab,8,231,209
691,2017.0,Punjab,7,481,46
692,2017.0,Punjab,6,884,194
693,2017.0,Punjab,5,3299,1651
694,2017.0,Punjab,4,2721,74
695,2017.0,Punjab,3,671,51
696,2017.0,Punjab,2,3832,170
697,2017.0,Punjab,1,18513,2169
698,2017.0,Sindh,21,2,
699,2017.0,Sindh,20,8,0
700,2017.0,Sindh,19,87,39
701,2017.0,Sindh,18,206,96
702,2017.0,Sindh,17,438,134
703,2017.0,Sindh,16,400,93
704,2017.0,Sindh,15,8,0
705,2017.0,Sindh,14,407,119
706,2017.0,Sindh,13,6,0
707,2017.0,Sindh,12,94,1
708,2017.0,Sindh,11,755,469
709,2017.0,Sindh,10,8,0
710,2017.0,Sindh,9,564,0
711,2017.0,Sindh,8,4,673
712,2017.0,Sindh,7,39,95
713,2017.0,Sindh,6,40,0
714,2017.0,Sindh,5,2415,1037
715,2017.0,Sindh,4,181,0
716,2017.0,Sindh,3,10,0
717,2017.0,Sindh,2,2038,1199
718,2017.0,Sindh,1,1929,4
719,2017.0,KPK,21,10,0
720,2017.0,KPK,20,58,1
721,2017.0,KPK,19,102,7
722,2017.0,KPK,18,120,11
723,2017.0,KPK,17,611,36
724,2017.0,KPK,16,647,27
725,2017.0,KPK,14,292,8
726,2017.0,KPK,11,219,6
727,2017.0,Balochistan,22,1,
728,2017.0,Balochistan,21,10,
729,2017.0,Balochistan,20,49,
730,2017.0,Balochistan,19,156,2
731,2017.0,Balochistan,18,526,10
732,2017.0,Balochistan,17,1650,54
733,2017.0,Balochistan,16,1148,27
734,2017.0,Balochistan,15,232,
735,2017.0,Balochistan,14,783,33
736,2017.0,Balochistan,13,32,
737,2017.0,Balochistan,12,260,11
738,2017.0,Balochistan,11,1973,76
739,2017.0,Balochistan,10,22,2
740,2017.0,Balochistan,9,323,25
741,2017.0,Balochistan,8,432,19
742,2017.0,Balochistan,7,290,
743,2017.0,Balochistan,6,2332,14
744,2017.0,Balochistan,5,2204,18
745,2017.0,Balochistan,4,971,4
746,2017.0,Balochistan,3,288,4
747,2017.0,Balochistan,2,3372,29
748,2017.0,Balochistan,1,7304,108
749,2017.0,Gilgit-Baltistan,20,1,
750,2017.0,Gilgit-Baltistan,19,14,
751,2017.0,Gilgit-Baltistan,18,34,2
752,2017.0,Gilgit-Baltistan,17,60,4
753,2017.0,Gilgit-Baltistan,16,109,6
754,2017.0,Gilgit-Baltistan,15,76,
755,2017.0,Gilgit-Baltistan,13,80,10
756,2017.0,Gilgit-Baltistan,11,36,
757,2017.0,Gilgit-Baltistan,10,88,1
758,2017.0,Gilgit-Baltistan,8,33,2
759,2017.0,Gilgit-Baltistan,7,1,10
760,2017.0,Gilgit-Baltistan,6,97,
761,2017.0,Gilgit-Baltistan,5,1,
762,2017.0,Gilgit-Baltistan,4,100,3
763,2017.0,Gilgit-Baltistan,3,33,
764,2017.0,Gilgit-Baltistan,2,10,
765,2017.0,Gilgit-Baltistan,1,104,
766,2018.0,Punjab,22,1,0
767,2018.0,Punjab,21,5,1
768,2018.0,Punjab,20,54,4
769,2018.0,Punjab,19,423,66
770,2018.0,Punjab,18,1396,494
771,2018.0,Punjab,17,4931,2192
772,2018.0,Punjab,16,3401,1388
773,2018.0,Punjab,15,468,46
774,2018.0,Punjab,14,3714,281
775,2018.0,Punjab,13,63,6
776,2018.0,Punjab,12,321,76
777,2018.0,Punjab,11,5429,1021
778,2018.0,Punjab,10,75,88
779,2018.0,Punjab,9,7346,1125
780,2018.0,Punjab,8,360,156
781,2018.0,Punjab,7,591,51
782,2018.0,Punjab,6,848,183
783,2018.0,Punjab,5,3090,1647
784,2018.0,Punjab,4,2812,75
785,2018.0,Punjab,3,653,44
786,2018.0,Punjab,2,3834,160
787,2018.0,Punjab,1,18653,2180
788,2018.0,Sindh,21,3,
789,2018.0,Sindh,20,10,0
790,2018.0,Sindh,19,66,37
791,2018.0,Sindh,18,207,97
792,2018.0,Sindh,17,617,167
793,2018.0,Sindh,16,533,93
794,2018.0,Sindh,15,5,0
795,2018.0,Sindh,14,450,118
796,2018.0,Sindh,13,3,0
797,2018.0,Sindh,12,101,1
798,2018.0,Sindh,11,1231,470
799,2018.0,Sindh,10,13,0
800,2018.0,Sindh,9,558,0
801,2018.0,Sindh,8,1,673
802,2018.0,Sindh,7,39,95
803,2018.0,Sindh,6,40,0
804,2018.0,Sindh,5,1369,1037
805,2018.0,Sindh,4,241,0
806,2018.0,Sindh,3,11,0
807,2018.0,Sindh,2,2082,1197
808,2018.0,Sindh,1,1935,7
809,2018.0,KPK,21,12,0
810,2018.0,KPK,20,53,2
811,2018.0,KPK,19,91,4
812,2018.0,KPK,18,239,7
813,2018.0,KPK,17,638,38
814,2018.0,KPK,16,686,30
815,2018.0,KPK,14,281,7
816,2018.0,KPK,11,214,6
817,2018.0,Balochistan,22,1,
818,2018.0,Balochistan,21,10,
819,2018.0,Balochistan,20,48,
820,2018.0,Balochistan,19,158,2
821,2018.0,Balochistan,18,546,14
822,2018.0,Balochistan,17,1660,51
823,2018.0,Balochistan,16,1202,27
824,2018.0,Balochistan,15,232,
825,2018.0,Balochistan,14,1292,35
826,2018.0,Balochistan,13,32,
827,2018.0,Balochistan,12,311,
828,2018.0,Balochistan,11,1913,81
829,2018.0,Balochistan,10,24,2
830,2018.0,Balochistan,9,390,29
831,2018.0,Balochistan,8,452,8
832,2018.0,Balochistan,7,244,
833,2018.0,Balochistan,6,2402,15
834,2018.0,Balochistan,5,2239,35
835,2018.0,Balochistan,4,961,4
836,2018.0,Balochistan,3,294,5
837,2018.0,Balochistan,2,3367,26
838,2018.0,Balochistan,1,7417,106
839,2018.0,Gilgit-Baltistan,20,1,
840,2018.0,Gilgit-Baltistan,19,14,
841,2018.0,Gilgit-Baltistan,18,31,1
842,2018.0,Gilgit-Baltistan,17,62,5
843,2018.0,Gilgit-Baltistan,16,108,6
844,2018.0,Gilgit-Baltistan,15,76,4
845,2018.0,Gilgit-Baltistan,13,92,10
846,2018.0,Gilgit-Baltistan,11,31,
847,2018.0,Gilgit-Baltistan,10,130,
848,2018.0,Gilgit-Baltistan,8,17,
849,2018.0,Gilgit-Baltistan,7,1,10
850,2018.0,Gilgit-Baltistan,6,61,
851,2018.0,Gilgit-Baltistan,5,1,
852,2018.0,Gilgit-Baltistan,4,70,
853,2018.0,Gilgit-Baltistan,3,33,
854,2018.0,Gilgit-Baltistan,2,11,
855,2018.0,Gilgit-Baltistan,1,118,
856,2008-09,Federal,22,100,6
857,2008-09,Federal,21,324,19
858,2008-09,Federal,20,820,90
859,2008-09,Federal,19,2159,389
860,2008-09,Federal,18,4284,869
861,2008-09,Federal,17,7768,2082
862,2008-09,Federal,16,11575,3710
863,2008-09,Federal,15,5006,243
864,2008-09,Federal,14,22205,3260
865,2008-09,Federal,13,3174,19
866,2008-09,Federal,12,6596,171
867,2008-09,Federal,11,9572,440
868,2008-09,Federal,10,2850,78
869,2008-09,Federal,9,21071,3034
870,2008-09,Federal,8,8955,113
871,2008-09,Federal,7,45519,1170
872,2008-09,Federal,6,32561,62
873,2008-09,Federal,5,138955,893
874,2008-09,Federal,4,11456,173
875,2008-09,Federal,3,14172,468
876,2008-09,Federal,2,43068,1094
877,2008-09,Federal,1,27820,617
878,2009-10,Federal,22,95,6
879,2009-10,Federal,21,373,33
880,2009-10,Federal,20,976,103
881,2009-10,Federal,19,2191,388
882,2009-10,Federal,18,5330,961
883,2009-10,Federal,17,8446,2334
884,2009-10,Federal,16,16966,3595
885,2009-10,Federal,15,5979,266
886,2009-10,Federal,14,17734,3444
887,2009-10,Federal,13,4091,21
888,2009-10,Federal,12,6578,203
889,2009-10,Federal,11,7054,497
890,2009-10,Federal,10,3493,122
891,2009-10,Federal,9,32892,4092
892,2009-10,Federal,8,7958,113
893,2009-10,Federal,7,44266,837
894,2009-10,Federal,6,25124,110
895,2009-10,Federal,5,142481,888
896,2009-10,Federal,4,12268,278
897,2009-10,Federal,3,17271,546
898,2009-10,Federal,2,43431,1154
899,2009-10,Federal,1,23834,1142
900,2010-11,Federal,22,94,6
901,2010-11,Federal,21,355,24
902,2010-11,Federal,20,869,92
903,2010-11,Federal,19,2174,397
904,2010-11,Federal,18,4371,899
905,2010-11,Federal,17,7482,2106
906,2010-11,Federal,16,12306,3797
907,2010-11,Federal,15,6019,274
908,2010-11,Federal,14,22371,3392
909,2010-11,Federal,13,2897,26
910,2010-11,Federal,12,7618,203
911,2010-11,Federal,11,7432,449
912,2010-11,Federal,10,3382,114
913,2010-11,Federal,9,32591,3746
914,2010-11,Federal,8,8529,146
915,2010-11,Federal,7,40804,834
916,2010-11,Federal,6,31008,240
917,2010-11,Federal,5,139534,848
918,2010-11,Federal,4,12469,209
919,2010-11,Federal,3,14484,582
920,2010-11,Federal,2,42661,1225
921,2010-11,Federal,1,27448,648
922,2011-12,Federal,22,94,5
923,2011-12,Federal,21,380,34
924,2011-12,Federal,20,863,90
925,2011-12,Federal,19,2278,404
926,2011-12,Federal,18,5312,907
927,2011-12,Federal,17,8114,1991
928,2011-12,Federal,16,17877,4945
929,2011-12,Federal,15,4866,239
930,2011-12,Federal,14,19658,2830
931,2011-12,Federal,13,3222,23
932,2011-12,Federal,12,6777,277
933,2011-12,Federal,11,7098,243
934,2011-12,Federal,10,2317,58
935,2011-12,Federal,9,33746,3217
936,2011-12,Federal,8,12271,57
937,2011-12,Federal,7,44907,936
938,2011-12,Federal,6,37228,90
939,2011-12,Federal,5,135943,1045
940,2011-12,Federal,4,7393,39
941,2011-12,Federal,3,14034,416
942,2011-12,Federal,2,42947,1268
943,2011-12,Federal,1,23842,880
944,2014-15,Federal,22,69,8
945,2014-15,Federal,21,344,50
946,2014-15,Federal,20,977,107
947,2014-15,Federal,19,2329,532
948,2014-15,Federal,18,6080,1330
949,2014-15,Federal,17,9232,3008
950,2014-15,Federal,16,23312,4807
951,2014-15,Federal,15,1231,75
952,2014-15,Federal,14,19622,3124
953,2014-15,Federal,13,2817,22
954,2014-15,Federal,12,3061,139
955,2014-15,Federal,11,8376,367
956,2014-15,Federal,10,2013,58
957,2014-15,Federal,9,34194,2323
958,2014-15,Federal,8,10774,72
959,2014-15,Federal,7,43673,1206
960,2014-15,Federal,6,39979,96
961,2014-15,Federal,5,119229,1087
962,2014-15,Federal,4,12810,197
963,2014-15,Federal,3,8505,525
964,2014-15,Federal,2,42502,1407
965,2014-15,Federal,1,26163,1089
966,2015-16,Federal,22,85,11
967,2015-16,Federal,21,409,48
968,2015-16,Federal,20,1014,111
969,2015-16,Federal,19,2313,501
970,2015-16,Federal,18,5568,1303
971,2015-16,Federal,17,9930,4040
972,2015-16,Federal,16,22435,5295
973,2015-16,Federal,15,1314,83
974,2015-16,Federal,14,19828,3005
975,2015-16,Federal,13,2808,26
976,2015-16,Federal,12,3172,133
977,2015-16,Federal,11,8578,385
978,2015-16,Federal,10,1802,54
979,2015-16,Federal,9,33934,2163
980,2015-16,Federal,8,12091,85
981,2015-16,Federal,7,46153,1272
982,2015-16,Federal,6,41376,85
983,2015-16,Federal,5,126566,1248
984,2015-16,Federal,4,11123,52
985,2015-16,Federal,3,13845,1141
986,2015-16,Federal,2,40724,1003
987,2015-16,Federal,1,26151,1254
988,2016-17,Federal,22,94,11
989,2016-17,Federal,21,372,40
990,2016-17,Federal,20,976,116
991,2016-17,Federal,19,2507,549
992,2016-17,Federal,18,6160,1357
993,2016-17,Federal,17,11560,4116
994,2016-17,Federal,16,28733,5548
995,2016-17,Federal,15,1954,117
996,2016-17,Federal,14,23120,3372
997,2016-17,Federal,13,3268,27
998,2016-17,Federal,12,4043,263
999,2016-17,Federal,11,16005,1460
1000,2016-17,Federal,10,4219,64
1001,2016-17,Federal,9,38379,2481
1002,2016-17,Federal,8,14089,199
1003,2016-17,Federal,7,53849,1935
1004,2016-17,Federal,6,59361,217
1005,2016-17,Federal,5,124198,1899
1006,2016-17,Federal,4,22728,431
1007,2016-17,Federal,3,11267,1060
1008,2016-17,Federal,2,53842,2351
1009,2016-17,Federal,1,58548,3668
1010,2017-18,Federal,22,84,12
1011,2017-18,Federal,21,350,39
1012,2017-18,Federal,20,1020,130
1013,2017-18,Federal,19,2499,527
1014,2017-18,Federal,18,6417,1362
1015,2017-18,Federal,17,12198,4299
1016,2017-18,Federal,16,31130,6396
1017,2017-18,Federal,15,3206,212
1018,2017-18,Federal,14,19489,3168
1019,2017-18,Federal,13,3077,25
1020,2017-18,Federal,12,4144,271
1021,2017-18,Federal,11,22558,1774
1022,2017-18,Federal,10,3762,52
1023,2017-18,Federal,9,39772,2600
1024,2017-18,Federal,8,14067,124
1025,2017-18,Federal,7,48728,1569
1026,2017-18,Federal,6,59535,226
1027,2017-18,Federal,5,123296,2069
1028,2017-18,Federal,4,22676,426
1029,2017-18,Federal,3,9408,583
1030,2017-18,Federal,2,53052,2387
1031,2017-18,Federal,1,68438,4083
